,movie,year,imdb,metascore,votes,us_gross(millions)
0,John Wick: Chapter 4,2023,8.2,78.0,"136,942",
1,Avatar: The Way of Water,2022,7.7,67.0,"369,149",659.68
2,Everything Everywhere All at Once,2022,7.9,81.0,"436,605",72.86
3,Top Gun: Maverick,2022,8.3,78.0,"577,027",718.73
4,The Whale,2022,7.7,60.0,"135,462",
5,The Godfather,1972,9.2,100.0,"1,900,973",134.97
6,Puss in Boots: The Last Wish,2022,7.9,73.0,"123,102",168.46
7,The Banshees of Inisherin,2022,7.7,87.0,"202,189",
8,The Shawshank Redemption,1994,9.3,82.0,"2,733,835",28.34
9,Interstellar,2014,8.6,74.0,"1,897,453",188.02
10,Dune,2021,8.0,74.0,"666,933",108.33
11,The Batman,2022,7.8,72.0,"694,462",369.35
12,Pulp Fiction,1994,8.9,95.0,"2,100,769",107.93
13,Guardians of the Galaxy,2014,8.0,76.0,"1,202,476",333.18
14,Harry Potter and the Sorcerer's Stone,2001,7.6,65.0,"806,039",317.58
15,Blade Runner 2049,2017,8.0,81.0,"599,199",92.05
16,The Dark Knight,2008,9.0,84.0,"2,706,950",534.86
17,The Wolf of Wall Street,2013,8.2,75.0,"1,454,859",116.9
18,Inception,2010,8.8,74.0,"2,402,834",292.58
19,Titanic,1997,7.9,75.0,"1,215,426",659.33
20,Knives Out,2019,7.9,82.0,"723,535",165.36
21,Evil Dead II,1987,7.7,72.0,"171,422",5.92
22,Once Upon a Time in Hollywood,2019,7.6,83.0,"773,293",142.5
23,Spider-Man: No Way Home,2021,8.2,71.0,"789,214",804.75
24,American Psycho,2000,7.6,64.0,"651,371",15.07
25,Avengers: Endgame,2019,8.4,78.0,"1,171,333",858.37
26,The Exorcist,1973,8.1,81.0,"419,288",232.91
27,All Quiet on the Western Front,2022,7.8,76.0,"199,510",
28,The Gentlemen,2019,7.8,51.0,"358,123",36.47
29,Alien,1979,8.5,89.0,"900,029",78.9
30,Fight Club,1999,8.8,66.0,"2,176,532",37.03
31,Whiplash,2014,8.5,89.0,"898,169",13.09
32,Avatar,2009,7.9,83.0,"1,338,641",760.51
33,The Lord of the Rings: The Fellowship of the Ring,2001,8.8,92.0,"1,909,409",315.54
34,Good Will Hunting,1997,8.3,70.0,"998,791",138.43
35,Aftersun,2022,7.7,95.0,"59,584",
36,Gladiator,2000,8.5,67.0,"1,530,134",187.71
37,Jurassic Park,1993,8.2,68.0,"1,010,141",402.45
38,Black Swan,2010,8.0,79.0,"786,029",106.95
39,The Help,2011,8.1,62.0,"470,800",169.71
40,Parasite,2019,8.5,96.0,"846,917",53.37
41,Back to the Future,1985,8.5,87.0,"1,233,005",210.61
42,The Silence of the Lambs,1991,8.6,86.0,"1,461,873",130.74
43,Inglourious Basterds,2009,8.3,69.0,"1,485,208",120.54
44,Prisoners,2013,8.1,70.0,"741,189",61.0
45,Joker,2019,8.4,59.0,"1,343,993",335.45
46,Get Out,2017,7.7,85.0,"636,717",176.04
47,Se7en,1995,8.6,65.0,"1,690,129",100.13
48,Taxi Driver,1976,8.2,94.0,"859,207",28.26
49,The Grand Budapest Hotel,2014,8.1,88.0,"834,276",59.1
50,Schindler's List,1993,9.0,95.0,"1,380,196",96.9
51,The Matrix,1999,8.7,73.0,"1,950,340",171.48
52,Goodfellas,1990,8.7,92.0,"1,186,638",46.84
53,Ford v Ferrari,2019,8.1,81.0,"414,302",117.62
54,Stand by Me,1986,8.1,75.0,"415,547",52.29
55,Tombstone,1993,7.8,50.0,"155,097",56.51
56,Forrest Gump,1994,8.8,82.0,"2,127,329",330.25
57,The Departed,2006,8.5,85.0,"1,351,059",132.38
58,Star Wars,1977,8.6,90.0,"1,388,452",322.74
59,The Green Mile,1999,8.6,61.0,"1,329,432",136.8
60,The Goonies,1985,7.7,62.0,"283,832",61.5
61,Requiem for a Dream,2000,8.3,71.0,"858,860",3.64
62,Spider-Man: Into the Spider-Verse,2018,8.4,87.0,"557,540",190.24
63,Raiders of the Lost Ark,1981,8.4,85.0,"983,022",248.16
64,The Martian,2015,8.0,80.0,"875,744",228.43
65,The Hangover,2009,7.7,73.0,"804,696",277.32
66,One Flew Over the Cuckoo's Nest,1975,8.7,84.0,"1,025,353",112.0
67,RRR,2022,7.8,83.0,"148,127",14.5
68,Mad Max: Fury Road,2015,8.1,90.0,"1,025,751",154.06
69,Guardians of the Galaxy Vol. 2,2017,7.6,67.0,"700,789",389.81
70,Heat,1995,8.3,76.0,"670,631",67.44
71,Your Name.,2016,8.4,79.0,"283,556",5.02
72,The Notebook,2004,7.8,53.0,"586,117",81.0
73,Aliens,1986,8.4,84.0,"730,239",85.16
74,Avengers: Infinity War,2018,8.4,68.0,"1,115,396",678.82
75,Pride & Prejudice,2005,7.8,82.0,"306,750",38.41
76,1917,2019,8.2,78.0,"616,459",159.23
77,Scarface,1983,8.3,65.0,"862,149",45.6
78,The Big Lebowski,1998,8.1,71.0,"824,466",17.5
79,The Lord of the Rings: The Return of the King,2003,9.0,94.0,"1,880,513",377.85
80,Shutter Island,2010,8.2,63.0,"1,353,565",128.01
81,12 Angry Men,1957,9.0,97.0,"809,020",4.36
82,The Prestige,2006,8.5,66.0,"1,359,366",53.09
83,Star Wars: Episode VI - Return of the Jedi,1983,8.3,58.0,"1,073,177",309.13
84,The Breakfast Club,1985,7.8,66.0,"411,937",45.88
85,American Beauty,1999,8.3,84.0,"1,170,865",130.1
86,Léon: The Professional,1994,8.5,64.0,"1,184,480",19.5
87,Deadpool,2016,8.0,65.0,"1,062,781",363.07
88,Pirates of the Caribbean: The Curse of the Black Pearl,2003,8.1,63.0,"1,149,400",305.41
89,The Princess Bride,1987,8.0,77.0,"434,927",30.86
90,Django Unchained,2012,8.4,81.0,"1,592,271",162.81
91,Her,2013,8.0,91.0,"632,904",25.57
92,No Country for Old Men,2007,8.2,92.0,"997,314",74.28
93,The Shining,1980,8.4,66.0,"1,044,886",44.02
94,Hacksaw Ridge,2016,8.1,71.0,"546,093",67.21
95,Little Women,2019,7.8,91.0,"217,538",108.1
96,Ex Machina,2014,7.7,78.0,"559,447",25.44
97,Gone Girl,2014,8.1,79.0,"1,004,838",167.77
98,The Godfather Part II,1974,9.0,90.0,"1,296,029",57.3
99,The Lion King,1994,8.5,88.0,"1,080,655",422.78
100,A Clockwork Orange,1971,8.3,77.0,"845,208",6.21
101,Oldboy,2003,8.4,77.0,"593,539",0.71
102,Spirited Away,2001,8.6,96.0,"785,415",10.06
103,Blade Runner,1982,8.1,84.0,"785,175",32.87
104,Empire of the Sun,1987,7.7,62.0,"129,499",22.24
105,Moneyball,2011,7.6,87.0,"437,086",75.61
106,The Dark Knight Rises,2012,8.4,78.0,"1,735,348",448.14
107,Apocalypse Now,1979,8.5,94.0,"680,037",83.47
108,Rogue One: A Star Wars Story,2016,7.8,65.0,"655,051",532.18
109,Drive,2011,7.8,78.0,"661,128",35.06
110,Full Metal Jacket,1987,8.3,78.0,"756,101",46.36
111,Eternal Sunshine of the Spotless Mind,2004,8.3,89.0,"1,027,819",34.4
112,Call Me by Your Name,2017,7.8,94.0,"286,528",18.1
113,Moana,2016,7.6,81.0,"349,326",248.76
114,Indiana Jones and the Last Crusade,1989,8.2,65.0,"768,632",197.17
115,Inside Man,2006,7.6,76.0,"382,341",88.51
116,Office Space,1999,7.6,68.0,"274,585",10.82
117,Jaws,1975,8.1,87.0,"621,126",260.0
118,2001: A Space Odyssey,1968,8.3,84.0,"682,821",56.95
119,Deadpool 2,2018,7.6,66.0,"601,608",324.59
120,Saving Private Ryan,1998,8.6,91.0,"1,418,259",216.54
121,The Pianist,2002,8.5,85.0,"852,055",32.57
122,Donnie Darko,2001,8.0,88.0,"817,094",1.48
123,Mulholland Drive,2001,7.9,86.0,"365,582",7.22
124,The Hobbit: An Unexpected Journey,2012,7.8,58.0,"842,046",303.0
125,Zack Snyder's Justice League,2021,8.0,54.0,"410,507",
126,Logan,2017,8.1,77.0,"783,603",226.28
127,Superbad,2007,7.6,76.0,"597,533",121.46
128,The Fifth Element,1997,7.6,52.0,"484,397",63.54
129,The Avengers,2012,8.0,69.0,"1,411,441",623.28
130,Memento,2000,8.4,81.0,"1,259,502",25.54
131,Unforgiven,1992,8.2,85.0,"419,539",101.16
132,All the President's Men,1976,7.9,84.0,"119,629",70.6
133,Finding Nemo,2003,8.2,90.0,"1,062,806",380.84
134,Psycho,1960,8.5,97.0,"685,076",32.0
135,The Wizard of Oz,1939,8.1,92.0,"408,930",2.08
136,Catch Me If You Can,2002,8.1,75.0,"1,015,507",164.62
137,La La Land,2016,8.0,94.0,"612,179",151.1
138,Harry Potter and the Goblet of Fire,2005,7.7,81.0,"644,423",290.01
139,The Hunt,2012,8.3,77.0,"339,701",0.69
140,Arrival,2016,7.9,81.0,"715,341",100.55
141,Rocky,1976,8.1,70.0,"595,929",117.24
142,The Terminator,1984,8.1,84.0,"882,424",38.4
143,Green Book,2018,8.2,69.0,"515,326",85.08
144,Terminator 2: Judgment Day,1991,8.6,75.0,"1,119,208",204.84
145,The Thing,1982,8.2,57.0,"436,692",13.78
146,The Handmaiden,2016,8.1,84.0,"155,809",2.01
147,Come and See,1985,8.4,,"84,972",
148,"The Good, the Bad and the Ugly",1966,8.8,90.0,"774,701",6.1
149,City of God,2002,8.6,79.0,"768,572",7.56
150,Sicario,2015,7.6,82.0,"444,099",46.89
151,The Usual Suspects,1995,8.5,77.0,"1,101,325",23.34
152,My Cousin Vinny,1992,7.6,68.0,"131,137",52.93
153,Kill Bill: Vol. 1,2003,8.2,69.0,"1,136,815",70.1
154,Man on Fire,2004,7.7,47.0,"370,879",77.91
155,Hamilton,2020,8.3,89.0,"100,473",
156,The Bourne Identity,2002,7.9,68.0,"557,321",121.66
157,Harry Potter and the Deathly Hallows: Part 2,2011,8.1,85.0,"896,934",381.01
158,The Big Short,2015,7.8,81.0,"444,927",70.26
159,The Irishman,2019,7.8,94.0,"401,510",7.0
160,There Will Be Blood,2007,8.2,93.0,"600,057",40.22
161,Howl's Moving Castle,2004,8.2,82.0,"409,262",4.71
162,Braveheart,1995,8.4,68.0,"1,052,930",75.6
163,Boogie Nights,1997,7.9,85.0,"271,915",26.4
164,300,2006,7.6,52.0,"834,358",210.61
165,Coraline,2009,7.7,80.0,"241,274",75.29
166,Batman Begins,2005,8.2,70.0,"1,497,667",206.85
167,Casino,1995,8.2,73.0,"532,467",42.44
168,Ratatouille,2007,8.1,96.0,"761,876",206.45
169,Reservoir Dogs,1992,8.3,81.0,"1,039,261",2.83
170,Mission: Impossible - Fallout,2018,7.7,86.0,"343,249",220.16
171,Casablanca,1942,8.5,100.0,"581,698",1.02
172,The Sixth Sense,1999,8.2,64.0,"1,008,223",293.51
173,Zootopia,2016,8.0,78.0,"513,965",341.27
174,Black Hawk Down,2001,7.7,74.0,"405,450",108.64
175,Iron Man,2008,7.9,79.0,"1,078,209",318.41
176,The Truman Show,1998,8.2,90.0,"1,111,709",125.62
177,Snatch,2000,8.2,55.0,"871,275",30.33
178,Star Wars: Episode V - The Empire Strikes Back,1980,8.7,82.0,"1,316,021",290.48
179,American History X,1998,8.5,62.0,"1,140,061",6.72
180,Casino Royale,2006,8.0,80.0,"669,231",167.45
181,Blue Is the Warmest Colour,2013,7.7,90.0,"156,717",2.2
182,Harry Potter and the Prisoner of Azkaban,2004,7.9,82.0,"652,943",249.36
183,Toy Story,1995,8.3,96.0,"1,014,004",191.8
184,Kingsman: The Secret Service,2014,7.7,60.0,"683,279",128.26
185,Dunkirk,2017,7.8,94.0,"678,985",188.37
186,Shrek,2001,7.9,84.0,"696,965",267.67
187,Wind River,2017,7.7,73.0,"261,114",33.8
188,Dead Poets Society,1989,8.1,79.0,"507,135",95.86
189,The Perks of Being a Wallflower,2012,7.9,67.0,"524,705",17.74
190,Star Wars: Episode III - Revenge of the Sith,2005,7.6,68.0,"808,479",380.26
191,Trainspotting,1996,8.1,83.0,"699,172",16.5
192,Home Alone,1990,7.7,63.0,"602,585",285.76
193,Jojo Rabbit,2019,7.9,58.0,"407,585",33.37
194,The Incredibles,2004,8.0,90.0,"757,792",261.44
195,The Hateful Eight,2015,7.8,68.0,"620,769",54.12
196,The Lord of the Rings: The Two Towers,2002,8.8,87.0,"1,697,613",342.55
197,Star Wars: Episode VII - The Force Awakens,2015,7.8,80.0,"944,828",936.66
198,Atonement,2007,7.8,85.0,"286,408",50.93
199,Ferris Bueller's Day Off,1986,7.8,61.0,"368,174",70.14
200,Fantastic Mr. Fox,2009,7.9,83.0,"243,374",21.0
201,About Time,2013,7.8,55.0,"362,891",15.32
202,Saw,2004,7.6,46.0,"433,579",56.0
203,Apocalypto,2006,7.8,68.0,"319,271",50.87
204,The Birds,1963,7.6,90.0,"195,204",11.4
205,A Beautiful Mind,2001,8.2,72.0,"947,534",170.74
206,L.A. Confidential,1997,8.2,91.0,"591,606",64.62
207,Die Hard,1988,8.2,72.0,"898,934",83.01
208,Sin City,2005,8.0,74.0,"777,896",74.1
209,Airplane!,1980,7.7,78.0,"247,594",83.4
210,Dances with Wolves,1990,8.0,72.0,"275,143",184.21
211,Das Boot,1981,8.4,86.0,"254,955",11.49
212,Zodiac,2007,7.7,79.0,"559,019",33.08
213,Vertigo,1958,8.3,100.0,"409,687",3.2
214,Fargo,1996,8.1,86.0,"690,607",24.61
215,Inside Out,2015,8.1,94.0,"732,795",356.46
216,Once Upon a Time in America,1984,8.3,75.0,"359,004",5.32
217,Into the Wild,2007,8.1,73.0,"633,440",18.35
218,The Social Network,2010,7.8,95.0,"720,600",96.96
219,The Fly,1986,7.6,79.0,"190,073",40.46
220,Watchmen,2009,7.6,56.0,"561,549",107.51
221,Another Round,2020,7.7,79.0,"171,877",
222,Almost Famous,2000,7.9,90.0,"282,787",32.53
223,The Untouchables,1987,7.8,79.0,"317,757",76.27
224,Blazing Saddles,1974,7.7,73.0,"144,017",119.5
225,Bohemian Rhapsody,2018,7.9,49.0,"553,718",216.43
226,Detachment,2011,7.7,52.0,"90,651",0.07
227,Ghostbusters,1984,7.8,71.0,"424,431",238.63
228,Nightcrawler,2014,7.8,76.0,"566,624",32.38
229,How to Train Your Dragon,2010,8.1,75.0,"758,115",217.58
230,In Bruges,2008,7.9,67.0,"443,851",7.76
231,Edge of Tomorrow,2014,7.9,71.0,"696,622",100.21
232,"Lock, Stock and Two Smoking Barrels",1998,8.1,66.0,"593,409",3.9
233,Hidden Figures,2016,7.8,74.0,"239,546",169.61
234,The Game,1997,7.7,63.0,"407,649",48.32
235,Spotlight,2015,8.1,93.0,"480,543",45.06
236,Life Is Beautiful,1997,8.6,59.0,"708,743",57.6
237,The Color Purple,1985,7.7,78.0,"89,960",98.47
238,The Intouchables,2011,8.5,57.0,"878,002",13.18
239,The Father,2020,8.2,88.0,"165,966",
240,Kick-Ass,2010,7.6,66.0,"573,778",48.07
241,CODA,2021,8.0,72.0,"144,504",
242,True Romance,1993,7.9,59.0,"232,515",12.28
243,"Three Billboards Outside Ebbing, Missouri",2017,8.1,88.0,"523,815",54.51
244,The Girl with the Dragon Tattoo,2011,7.8,71.0,"472,943",102.52
245,Training Day,2001,7.7,69.0,"448,505",76.63
246,Tangled,2010,7.7,71.0,"466,997",200.82
247,Children of Men,2006,7.9,84.0,"510,255",35.55
248,E.T.,1982,7.9,91.0,"419,500",435.11
249,Predator,1987,7.8,47.0,"433,029",59.74
250,Ocean's Eleven,2001,7.7,74.0,"589,147",183.42
251,WALL·E,2008,8.4,95.0,"1,138,376",223.81
252,Primal Fear,1996,7.7,47.0,"230,655",56.12
253,Scent of a Woman,1992,8.0,59.0,"308,292",63.9
254,Little Miss Sunshine,2006,7.8,80.0,"493,646",59.89
255,Room,2015,8.1,86.0,"430,307",14.68
256,Coco,2017,8.4,81.0,"530,044",209.73
257,Blue Velvet,1986,7.7,76.0,"205,335",8.55
258,The Count of Monte Cristo,2002,7.7,61.0,"142,072",54.23
259,The Sandlot,1993,7.8,55.0,"96,000",32.42
260,Up,2009,8.3,88.0,"1,065,145",293.0
261,Star Trek,2009,7.9,82.0,"609,462",257.73
262,Before Sunrise,1995,8.1,77.0,"318,825",5.54
263,Stardust,2007,7.6,66.0,"276,980",38.63
264,Downfall,2004,8.2,82.0,"361,435",5.51
265,Willy Wonka & the Chocolate Factory,1971,7.8,67.0,"208,444",4.0
266,Gone with the Wind,1939,8.2,97.0,"321,578",198.68
267,Harry Potter and the Deathly Hallows: Part 1,2010,7.7,65.0,"565,542",295.98
268,The Worst Person in the World,2021,7.8,90.0,"78,736",
269,The Lego Movie,2014,7.7,83.0,"366,906",257.76
270,Gran Torino,2008,8.1,72.0,"787,501",148.1
271,Brokeback Mountain,2005,7.7,87.0,"366,462",83.04
272,Silver Linings Playbook,2012,7.7,81.0,"720,026",132.09
273,"Monsters, Inc.",2001,8.1,79.0,"928,491",289.92
274,Memories of Murder,2003,8.1,82.0,"194,329",0.01
275,Deliverance,1972,7.7,80.0,"113,580",7.06
276,Amadeus,1984,8.4,88.0,"408,572",51.97
277,Hot Fuzz,2007,7.8,81.0,"515,622",23.64
278,The Bourne Supremacy,2004,7.7,73.0,"472,367",176.24
279,Remember the Titans,2000,7.8,48.0,"221,501",115.65
280,Chinatown,1974,8.2,92.0,"333,613",8.49
281,The Last of the Mohicans,1992,7.7,76.0,"176,684",75.51
282,Pan's Labyrinth,2006,8.2,98.0,"679,238",37.63
283,Groundhog Day,1993,8.0,72.0,"648,302",70.91
284,Taken,2008,7.8,51.0,"613,149",145.0
285,Platoon,1986,8.1,92.0,"422,169",138.53
286,The Blind Side,2009,7.6,53.0,"342,815",255.96
287,Lost in Translation,2003,7.7,91.0,"465,932",44.59
288,Kung Fu Panda,2008,7.6,74.0,"486,386",215.43
289,The Revenant,2015,8.0,76.0,"824,799",183.64
290,Thor: Ragnarok,2017,7.9,74.0,"771,772",315.06
291,500 Days of Summer,2009,7.7,76.0,"528,745",32.39
292,V for Vendetta,2005,8.2,62.0,"1,137,967",70.51
293,The Imitation Game,2014,8.0,71.0,"786,624",91.13
294,Citizen Kane,1941,8.3,100.0,"449,376",1.59
295,The Curious Case of Benjamin Button,2008,7.8,70.0,"665,626",127.51
296,Manchester by the Sea,2016,7.8,96.0,"292,460",47.7
297,Once Upon a Time in the West,1968,8.5,82.0,"336,051",5.32
298,Rain Man,1988,8.0,65.0,"525,277",178.8
299,Argo,2012,7.7,86.0,"623,443",136.03
300,Lethal Weapon,1987,7.6,68.0,"265,563",65.21
301,Captain America: Civil War,2016,7.8,75.0,"807,574",408.08
302,The Graduate,1967,8.0,83.0,"279,168",104.95
303,The Sound of Music,1965,8.1,63.0,"243,641",163.21
304,The Lives of Others,2006,8.4,89.0,"395,658",11.29
305,Road to Perdition,2002,7.7,72.0,"275,178",104.45
306,3:10 to Yuma,2007,7.7,76.0,"319,354",53.61
307,American Gangster,2007,7.8,76.0,"434,970",130.16
308,And Your Mother Too,2001,7.7,89.0,"125,427",13.62
309,Shaun of the Dead,2004,7.9,76.0,"569,531",13.54
310,Capernaum,2018,8.4,75.0,"94,363",1.66
311,Skyfall,2012,7.8,81.0,"708,108",304.36
312,The Deer Hunter,1978,8.1,86.0,"345,765",48.98
313,Mystic River,2003,7.9,84.0,"466,359",90.14
314,Wonder,2017,7.9,66.0,"169,672",132.42
315,Planet of the Apes,1968,8.0,79.0,"184,699",33.4
316,Amélie,2001,8.3,69.0,"767,850",33.23
317,12 Monkeys,1995,8.0,74.0,"627,965",57.14
318,Dawn of the Planet of the Apes,2014,7.6,79.0,"450,423",208.55
319,A Star Is Born,2018,7.6,88.0,"396,116",215.29
320,Hamlet,1996,7.7,,"38,924",4.41
321,Aladdin,1992,8.0,86.0,"434,154",217.35
322,The Others,2001,7.6,74.0,"375,487",96.52
323,The Ten Commandments,1956,7.9,,"74,128",93.74
324,First Blood,1982,7.7,61.0,"261,323",47.21
325,X-Men: Days of Future Past,2014,7.9,75.0,"723,301",233.92
326,X: First Class,2011,7.7,65.0,"703,108",146.41
327,The Royal Tenenbaums,2001,7.6,76.0,"300,065",52.36
328,Searching,2018,7.6,71.0,"170,830",26.02
329,RoboCop,1987,7.6,70.0,"266,485",53.42
330,District 9,2009,7.9,81.0,"693,176",115.65
331,12 Years a Slave,2013,8.1,96.0,"713,838",56.67
332,Toy Story 4,2019,7.7,84.0,"260,424",434.04
333,The Bourne Ultimatum,2007,8.0,85.0,"642,892",227.47
334,Minority Report,2002,7.6,80.0,"563,711",132.07
335,Cast Away,2000,7.8,73.0,"607,102",233.63
336,Birdman or (The Unexpected Virtue of Ignorance),2014,7.7,87.0,"643,851",42.34
337,Dark City,1998,7.6,66.0,"204,436",14.38
338,Incendies,2010,8.3,80.0,"182,947",6.86
339,After Hours,1985,7.6,90.0,"73,133",10.6
340,Captain Fantastic,2016,7.8,72.0,"224,574",5.88
341,Misery,1990,7.8,75.0,"220,128",61.28
342,Warrior,2011,8.2,71.0,"480,632",13.66
343,Moonrise Kingdom,2012,7.8,84.0,"356,066",45.51
344,Captain America: The Winter Soldier,2014,7.8,70.0,"862,874",259.77
345,East of Eden,1955,7.8,72.0,"46,925",
346,Mulan,1998,7.6,71.0,"297,643",120.62
347,Soul,2020,8.0,83.0,"343,171",
348,Dog Day Afternoon,1975,8.0,86.0,"262,926",50.0
349,The Magnificent Seven,1960,7.7,74.0,"97,908",4.91
350,Boyz n the Hood,1991,7.8,76.0,"145,619",57.5
351,Princess Mononoke,1997,8.3,76.0,"404,888",2.38
352,Grave of the Fireflies,1988,8.5,94.0,"285,777",
353,Gone Baby Gone,2007,7.6,72.0,"279,388",20.3
354,A Few Good Men,1992,7.7,62.0,"272,212",141.34
355,Crash,2004,7.7,66.0,"441,795",54.58
356,Rush,2013,8.1,74.0,"489,476",26.95
357,Carlito's Way,1993,7.9,66.0,"223,750",36.95
358,Cinema Paradiso,1988,8.5,80.0,"267,331",11.99
359,Life of Pi,2012,7.9,79.0,"643,504",124.99
360,The Machinist,2004,7.7,61.0,"399,682",1.08
361,The Boy in the Striped Pajamas,2008,7.7,55.0,"228,429",9.03
362,Mr. Nobody,2009,7.7,63.0,"238,379",0.0
363,Dallas Buyers Club,2013,7.9,77.0,"498,910",27.3
364,The Blues Brothers,1980,7.9,60.0,"205,286",57.23
365,Big Fish,2003,8.0,58.0,"447,328",66.26
366,Mary Poppins,1964,7.8,88.0,"177,872",102.27
367,The Fugitive,1993,7.8,87.0,"303,639",183.88
368,Seven Samurai,1954,8.6,98.0,"351,719",0.27
369,A Bronx Tale,1993,7.8,80.0,"147,842",17.27
370,Beauty and the Beast,1991,8.0,95.0,"462,973",218.97
371,As Good as It Gets,1997,7.7,67.0,"306,459",148.48
372,Hell or High Water,2016,7.6,88.0,"238,054",26.86
373,The Holy Mountain,1973,7.8,76.0,"45,115",0.06
374,Apollo 13,1995,7.7,77.0,"302,376",173.84
375,The Hobbit: The Desolation of Smaug,2013,7.8,66.0,"677,109",258.37
376,Rebel Without a Cause,1955,7.6,89.0,"93,564",
377,To Kill a Mockingbird,1962,8.3,88.0,"321,401",
378,Back to the Future Part II,1989,7.8,57.0,"546,054",118.5
379,Toy Story 3,2010,8.3,92.0,"852,031",415.0
380,Blood Diamond,2006,8.0,64.0,"562,027",57.37
381,The Pursuit of Happyness,2006,8.0,64.0,"528,432",163.57
382,Midnight in Paris,2011,7.7,81.0,"433,576",56.82
383,Monty Python and the Holy Grail,1975,8.2,91.0,"550,295",1.23
384,The Sting,1973,8.3,83.0,"268,826",159.6
385,Edward Scissorhands,1990,7.9,74.0,"501,380",56.36
386,Serenity,2005,7.8,74.0,"299,776",25.51
387,Eastern Promises,2007,7.6,83.0,"249,879",17.11
388,What We Do in the Shadows,2014,7.6,76.0,"189,553",3.33
389,Dr. Strangelove or: How I Learned to Stop Worrying and Love the Bomb,1964,8.4,97.0,"498,949",0.28
390,Barry Lyndon,1975,8.1,89.0,"173,051",
391,Magnolia,1999,8.0,78.0,"318,643",22.46
392,Demon Slayer the Movie: Mugen Train,2020,8.2,72.0,"63,342",47.7
393,I Saw the Devil,2010,7.8,67.0,"136,314",0.13
394,Kill Bill: Vol. 2,2004,8.0,83.0,"771,611",66.21
395,Despicable Me,2010,7.6,72.0,"559,093",251.51
396,It's a Wonderful Life,1946,8.6,89.0,"470,654",
397,The Butterfly Effect,2004,7.6,30.0,"500,001",57.94
398,Stalker,1979,8.1,83.0,"137,958",0.23
399,Wreck-It Ralph,2012,7.7,72.0,"434,771",189.42
400,Gravity,2013,7.7,96.0,"838,927",274.09
401,Slumdog Millionaire,2008,8.0,84.0,"857,187",141.32
402,Perfect Blue,1997,8.0,67.0,"82,853",0.78
403,Rear Window,1954,8.5,100.0,"500,367",36.76
404,Raging Bull,1980,8.1,90.0,"361,766",23.38
405,What's Eating Gilbert Grape,1993,7.7,73.0,"243,340",9.17
406,"O Brother, Where Art Thou?",2000,7.7,69.0,"319,195",45.51
407,Halloween,1978,7.7,87.0,"287,807",47.0
408,Marriage Story,2019,7.9,94.0,"322,909",2.0
409,The Last Samurai,2003,7.8,55.0,"450,747",111.11
410,The Thin Red Line,1998,7.6,78.0,"192,291",36.4
411,Gattaca,1997,7.8,64.0,"311,251",12.34
412,Some Like It Hot,1959,8.2,98.0,"272,359",25.0
413,Thirteen Lives,2022,7.8,66.0,"59,903",
414,The Trial of the Chicago 7,2020,7.7,76.0,"183,202",
415,Big Hero 6,2014,7.8,74.0,"474,373",222.53
416,The Best Offer,2013,7.8,49.0,"122,887",0.09
417,The Great Escape,1963,8.2,86.0,"248,821",12.1
418,A Man Called Ove,2015,7.7,70.0,"62,645",3.48
419,Lawrence of Arabia,1962,8.3,100.0,"300,158",44.82
420,Million Dollar Baby,2004,8.1,86.0,"698,210",100.49
421,Ben-Hur,1959,8.1,90.0,"244,528",74.7
422,The Boondock Saints,1999,7.7,44.0,"242,968",0.03
423,Who Framed Roger Rabbit,1988,7.7,83.0,"207,219",156.45
424,Boyhood,2014,7.9,100.0,"359,455",25.38
425,Portrait of a Lady on Fire,2019,8.1,95.0,"98,093",3.76
426,Akira,1988,8.0,67.0,"192,725",0.55
427,Bound by Honor,1993,7.9,47.0,"32,537",4.5
428,Once Were Warriors,1994,7.9,77.0,"35,367",2.2
429,The Skin I Live In,2011,7.6,70.0,"157,691",3.19
430,Being John Malkovich,1999,7.7,90.0,"343,022",22.86
431,My Neighbor Totoro,1988,8.1,86.0,"350,708",1.11
432,Sound of Metal,2019,7.7,82.0,"135,953",
433,Isle of Dogs,2018,7.8,82.0,"176,296",32.02
434,True Grit,2010,7.6,80.0,"346,011",171.24
435,Cool Hand Luke,1967,8.1,92.0,"181,077",16.22
436,La haine,1995,8.1,,"180,377",0.31
437,The Invisible Guest,2016,8.0,,"182,107",
438,JFK,1991,8.0,72.0,"161,368",70.41
439,The Secret in Their Eyes,2009,8.2,80.0,"213,500",6.39
440,Awakenings,1990,7.8,74.0,"148,156",52.1
441,Serpico,1973,7.7,81.0,"127,461",29.8
442,The Road Warrior,1981,7.6,77.0,"185,536",12.47
443,The King's Speech,2010,8.0,88.0,"690,472",138.8
444,The Fault in Our Stars,2014,7.7,69.0,"385,939",124.87
445,This Is Spinal Tap,1984,7.9,92.0,"142,478",4.74
446,Rosemary's Baby,1968,8.0,96.0,"222,813",
447,The Man from Earth,2007,7.9,,"192,050",
448,In the Mood for Love,2000,8.1,87.0,"155,953",2.73
449,The Mitchells vs the Machines,2021,7.6,81.0,"114,992",
450,"Crouching Tiger, Hidden Dragon",2000,7.9,94.0,"275,075",128.08
451,A Silent Voice: The Movie,2016,8.1,78.0,"88,491",
452,The Raid: Redemption,2011,7.6,73.0,"209,421",4.11
453,Toy Story 2,1999,7.9,88.0,"593,533",245.85
454,The Fighter,2010,7.8,79.0,"376,066",93.62
455,Moon,2009,7.8,67.0,"365,836",5.01
456,Do the Right Thing,1989,8.0,93.0,"105,767",27.55
457,Rushmore,1998,7.6,86.0,"189,938",17.11
458,Dogville,2003,8.0,59.0,"152,520",1.53
459,Brazil,1985,7.9,84.0,"204,608",9.93
460,Sense and Sensibility,1995,7.7,84.0,"119,743",43.18
461,Walk the Line,2005,7.8,72.0,"256,717",119.52
462,Paddington 2,2017,7.8,88.0,"84,363",40.44
463,Dirty Harry,1971,7.7,87.0,"161,141",35.9
464,Young Frankenstein,1974,8.0,83.0,"162,341",86.3
465,North by Northwest,1959,8.3,98.0,"333,662",13.28
466,Hachi: A Dog's Tale,2009,8.1,,"293,640",
467,How to Train Your Dragon 2,2014,7.8,77.0,"346,101",177.0
468,The Jungle Book,1967,7.6,65.0,"189,191",141.84
469,Lion,2016,8.0,69.0,"242,020",51.74
470,Star Trek II: The Wrath of Khan,1982,7.7,68.0,"124,825",78.91
471,Butch Cassidy and the Sundance Kid,1969,8.0,66.0,"220,251",102.31
472,The Wrestler,2008,7.9,80.0,"312,297",26.24
473,Life of Brian,1979,8.0,77.0,"407,713",20.05
474,The Elephant Man,1980,8.2,78.0,"246,992",
475,Metropolis,1927,8.3,98.0,"177,739",1.24
476,When Harry Met Sally...,1989,7.7,76.0,"227,753",92.82
477,The Theory of Everything,2014,7.7,71.0,"462,380",35.89
478,Wild Tales,2014,8.1,77.0,"204,260",3.11
479,The Fall,2006,7.8,64.0,"114,117",2.28
480,Donnie Brasco,1997,7.7,76.0,"315,895",41.91
481,Midnight Cowboy,1969,7.8,79.0,"114,629",44.79
482,Captain Phillips,2013,7.8,82.0,"471,495",107.1
483,End of Watch,2012,7.6,68.0,"255,835",41.0
484,Singin' in the Rain,1952,8.3,99.0,"248,054",8.82
485,Before Sunset,2004,8.1,90.0,"272,654",5.82
486,Sunset Blvd.,1950,8.4,94.0,"226,158",
487,Glory,1989,7.8,78.0,"138,383",26.83
488,Chungking Express,1994,8.0,78.0,"87,157",0.6
489,The Insider,1999,7.8,84.0,"174,505",28.97
490,Adaptation.,2002,7.7,83.0,"196,628",22.25
491,The Searchers,1956,7.9,94.0,"92,249",
492,Jai Bhim,2021,8.8,,"206,060",
493,Network,1976,8.1,83.0,"162,963",
494,Ran,1985,8.2,97.0,"128,616",4.14
495,Bonnie and Clyde,1967,7.7,86.0,"116,124",
496,Tumbbad,2018,8.2,,"52,403",
497,Dark Waters,2019,7.6,73.0,"93,177",
498,"Paris, Texas",1984,8.1,81.0,"110,095",2.18
499,Rio Bravo,1959,8.0,93.0,"64,795",12.54
500,Naked,1993,7.7,85.0,"41,303",1.77
501,Star Trek Into Darkness,2013,7.7,72.0,"488,606",228.78
502,The Girl with the Dragon Tattoo,2009,7.8,76.0,"219,303",10.1
503,Enter the Dragon,1973,7.6,83.0,"107,352",25.0
504,Ponyo,2008,7.6,86.0,"149,910",15.09
505,Straight Outta Compton,2015,7.8,72.0,"208,255",161.2
506,Ip Man,2008,8.0,59.0,"227,814",
507,Glengarry Glen Ross,1992,7.7,82.0,"109,832",10.73
508,3 Idiots,2009,8.4,67.0,"409,375",6.53
509,Clerks,1994,7.7,70.0,"226,878",3.15
510,The Nightmare Before Christmas,1993,7.9,82.0,"350,611",75.08
511,Philadelphia,1993,7.7,66.0,"247,970",77.32
512,My Fair Lady,1964,7.8,95.0,"98,198",72.0
513,Spartacus,1960,7.9,87.0,"138,102",30.0
514,The Maltese Falcon,1941,8.0,97.0,"161,825",2.11
515,The Outlaw Josey Wales,1976,7.8,69.0,"76,222",31.8
516,Fried Green Tomatoes,1991,7.7,64.0,"77,582",82.42
517,Ghost in the Shell,1995,7.9,76.0,"147,729",0.52
518,"South Park: Bigger, Longer & Uncut",1999,7.7,73.0,"209,206",52.04
519,The Wild Bunch,1969,7.9,98.0,"87,075",12.06
520,Drishyam 2,2022,8.2,,"35,902",
521,Match Point,2005,7.6,72.0,"222,007",23.09
522,The Seventh Seal,1957,8.1,88.0,"189,258",
523,Sling Blade,1996,8.0,84.0,"95,902",24.48
524,Snow White and the Seven Dwarfs,1937,7.6,96.0,"205,207",184.93
525,Cinderella Man,2005,8.0,69.0,"191,865",61.65
526,Nosferatu,1922,7.9,,"100,432",
527,What Ever Happened to Baby Jane?,1962,8.0,75.0,"58,594",4.05
528,October Sky,1999,7.8,71.0,"94,177",32.48
529,Hunt for the Wilderpeople,2016,7.8,81.0,"134,670",5.2
530,Papillon,1973,8.0,58.0,"133,745",53.27
531,Let the Right One In,2008,7.9,82.0,"221,079",2.12
532,Baahubali: The Beginning,2015,8.0,,"129,395",6.74
533,A Streetcar Named Desire,1951,7.9,97.0,"110,803",8.0
534,The Name of the Rose,1986,7.7,54.0,"111,595",7.15
535,Ordinary People,1980,7.7,86.0,"54,203",54.8
536,Annie Hall,1977,8.0,92.0,"269,832",39.2
537,The Naked Gun: From the Files of Police Squad!,1988,7.6,76.0,"175,223",78.76
538,Kiki's Delivery Service,1989,7.8,85.0,"150,922",
539,Solaris,1972,8.0,93.0,"94,127",
540,Cabaret,1972,7.8,80.0,"56,959",42.77
541,A Separation,2011,8.3,95.0,"248,839",7.1
542,Before Midnight,2013,7.9,94.0,"163,709",8.11
543,Paprika,2006,7.7,81.0,"87,193",0.88
544,A Fistful of Dollars,1964,7.9,65.0,"222,720",14.5
545,The Iron Giant,1999,8.1,85.0,"207,582",23.16
546,The Manchurian Candidate,1962,7.9,94.0,"77,114",
547,Badlands,1973,7.7,93.0,"75,051",
548,Roman Holiday,1953,8.0,78.0,"142,060",
549,Changeling,2008,7.8,63.0,"259,467",35.74
550,Kantara,2022,8.3,,"94,216",
551,Amores Perros,2000,8.1,83.0,"244,808",5.38
552,Die Hard with a Vengeance,1995,7.6,58.0,"395,105",100.01
553,Night of the Living Dead,1968,7.8,89.0,"132,885",0.09
554,Harakiri,1962,8.6,85.0,"60,462",
555,Roma,2018,7.7,96.0,"163,166",
556,The Last Picture Show,1971,8.0,93.0,"49,803",29.13
557,Dangal,2016,8.3,,"196,465",12.39
558,Hotel Rwanda,2004,8.1,79.0,"361,134",23.53
559,The Great Beauty,2013,7.7,86.0,"93,672",2.85
560,The Bridge on the River Kwai,1957,8.1,87.0,"225,038",44.91
561,Goldfinger,1964,7.7,87.0,"195,046",51.08
562,The Conversation,1974,7.8,87.0,"115,403",4.42
563,The French Connection,1971,7.7,94.0,"127,146",15.63
564,The Remains of the Day,1993,7.8,86.0,"78,080",22.95
565,Who's Afraid of Virginia Woolf?,1966,8.0,75.0,"77,254",
566,This Is England,2006,7.7,86.0,"124,756",0.33
567,The Last Emperor,1987,7.7,76.0,"106,866",43.98
568,The Apartment,1960,8.3,94.0,"185,965",18.6
569,Lucky Number Slevin,2006,7.7,53.0,"318,446",22.49
570,For a Few Dollars More,1965,8.2,74.0,"261,993",15.0
571,Persona,1966,8.1,86.0,"123,070",
572,The Raid 2,2014,7.9,71.0,"126,651",2.63
573,Flipped,2010,7.7,45.0,"93,200",1.75
574,Ray,2004,7.7,73.0,"151,569",75.33
575,In the Name of the Father,1993,8.1,84.0,"179,323",25.01
576,Seven Pounds,2008,7.6,36.0,"307,995",69.95
577,Nausicaä of the Valley of the Wind,1984,8.0,86.0,"173,427",0.5
578,Kung Fu Hustle,2004,7.7,78.0,"143,827",17.11
579,Fiddler on the Roof,1971,8.0,67.0,"45,241",80.5
580,Dawn of the Dead,1978,7.8,71.0,"123,883",5.1
581,M,1931,8.3,,"161,227",0.03
582,Witness for the Prosecution,1957,8.4,76.0,"128,954",8.18
583,Sweet Smell of Success,1957,8.0,100.0,"33,581",
584,The Man Who Shot Liberty Valance,1962,8.1,94.0,"78,705",
585,All Quiet on the Western Front,1930,8.1,91.0,"65,315",3.27
586,The Right Stuff,1983,7.8,91.0,"62,930",21.5
587,Billy Elliot,2000,7.7,74.0,"138,137",22.0
588,Finding Neverland,2004,7.7,67.0,"208,699",51.68
589,Malcolm X,1992,7.7,73.0,"97,771",48.17
590,Doctor Zhivago,1965,7.9,69.0,"79,130",111.72
591,The King of Comedy,1982,7.8,73.0,"108,748",2.5
592,Mississippi Burning,1988,7.8,65.0,"103,960",34.6
593,Togo,2019,7.9,69.0,"51,623",
594,Gandhi,1982,8.0,79.0,"235,922",52.77
595,Secrets & Lies,1996,8.0,91.0,"44,840",13.42
596,Ikiru,1952,8.3,92.0,"81,377",0.06
597,Being There,1979,8.0,83.0,"74,571",30.18
598,I Remember,1973,7.9,,"44,922",0.58
599,Rebecca,1940,8.1,86.0,"140,399",4.36
600,High Noon,1952,8.0,89.0,"106,594",9.45
601,Castle in the Sky,1986,8.0,78.0,"171,203",
602,50/50,2011,7.6,72.0,"335,470",35.01
603,I Am Sam,2001,7.6,28.0,"152,199",40.31
604,Pink Floyd: The Wall,1982,8.0,47.0,"82,796",22.24
605,Paths of Glory,1957,8.4,90.0,"201,593",
606,King Kong,1933,7.9,92.0,"87,657",10.0
607,8½,1963,8.0,93.0,"120,826",0.05
608,Neon Genesis Evangelion: The End of Evangelion,1997,8.1,,"58,124",
609,Once,2007,7.8,90.0,"118,576",9.44
610,The Wind Rises,2013,7.7,83.0,"89,924",5.21
611,The Third Man,1949,8.1,97.0,"174,944",0.45
612,Mary and Max,2009,8.1,,"180,321",
613,In the Heat of the Night,1967,7.9,76.0,"79,159",24.38
614,Judgment at Nuremberg,1961,8.3,60.0,"79,618",
615,Paper Moon,1973,8.1,77.0,"49,498",30.93
616,The Big Sleep,1946,7.9,86.0,"87,778",6.54
617,On the Waterfront,1954,8.1,91.0,"158,113",9.6
618,Miller's Crossing,1990,7.7,66.0,"137,939",5.08
619,Sing Street,2016,7.9,79.0,"96,990",3.24
620,Wings of Desire,1987,8.0,79.0,"73,203",3.33
621,The Last King of Scotland,2006,7.6,74.0,"190,225",17.61
622,Pride,2014,7.8,79.0,"59,185",
623,The Verdict,1982,7.7,77.0,"42,733",54.0
624,Happiness,1998,7.7,81.0,"71,935",2.81
625,All About Eve,1950,8.2,98.0,"133,670",0.01
626,Mommy,2014,8.0,74.0,"58,961",3.49
627,Kubo and the Two Strings,2016,7.7,84.0,"133,129",48.02
628,Kramer vs. Kramer,1979,7.8,77.0,"149,053",106.26
629,Run Lola Run,1998,7.7,77.0,"202,038",7.27
630,Letters from Iwo Jima,2006,7.9,89.0,"165,879",13.76
631,Double Indemnity,1944,8.3,95.0,"160,368",5.72
632,Ed Wood,1994,7.8,70.0,"179,367",5.89
633,Three Colors: Blue,1993,7.9,86.0,"105,688",1.32
634,To Have and Have Not,1944,7.8,90.0,"36,269",
635,Hero,2002,7.9,85.0,"184,123",53.71
636,Freaks,1932,7.8,80.0,"48,126",0.63
637,Fantasia,1940,7.7,96.0,"99,405",76.41
638,The Longest Day,1962,7.7,75.0,"57,274",39.1
639,Dial M for Murder,1954,8.2,75.0,"180,005",0.01
640,The Bridges of Madison County,1995,7.6,69.0,"84,595",71.52
641,The Treasure of the Sierra Madre,1948,8.2,98.0,"127,501",5.01
642,Gaslight,1944,7.8,78.0,"31,053",
643,Charade,1963,7.9,83.0,"80,783",13.47
644,Sabrina,1954,7.6,72.0,"67,235",
645,Like Stars on Earth,2007,8.3,,"197,363",1.22
646,The Celebration,1998,8.1,82.0,"89,691",1.65
647,A Taxi Driver,2017,7.9,69.0,"27,016",1.53
648,The Vanishing,1988,7.7,,"40,735",
649,Dancer in the Dark,2000,7.9,61.0,"112,714",4.18
650,Belle de Jour,1967,7.7,,"46,411",0.03
651,Loving Vincent,2017,7.8,62.0,"60,135",6.74
652,La Dolce Vita,1960,8.0,95.0,"75,290",19.52
653,All That Jazz,1979,7.8,72.0,"33,295",37.82
654,Me and Earl and the Dying Girl,2015,7.7,74.0,"134,389",6.74
655,Shoplifters,2018,7.9,93.0,"80,266",3.31
656,Black Book,2006,7.7,71.0,"78,249",4.4
657,The Artist,2011,7.9,89.0,"244,496",44.67
658,25th Hour,2002,7.6,69.0,"181,403",13.06
659,The Killing Fields,1984,7.8,76.0,"57,038",34.7
660,Harold and Maude,1971,7.9,62.0,"79,373",
661,Breaking the Waves,1996,7.8,81.0,"69,008",4.04
662,The Innocents,1961,7.8,88.0,"31,528",2.62
663,Klaus,2019,8.2,65.0,"165,115",
664,Notorious,1946,7.9,100.0,"103,396",10.46
665,21 Grams,2003,7.6,70.0,"240,827",16.29
666,Miracle in Cell No. 7,2019,8.2,,"51,360",
667,Stagecoach,1939,7.8,93.0,"51,056",
668,Mother,2009,7.8,79.0,"67,224",0.55
669,Gangs of Wasseypur,2012,8.2,89.0,"99,026",
670,The Cabinet of Dr. Caligari,1920,8.0,,"66,336",
671,The Dirty Dozen,1967,7.7,73.0,"75,852",45.3
672,Guess Who's Coming to Dinner,1967,7.8,63.0,"46,778",56.7
673,The Great Dictator,1940,8.4,,"227,998",0.29
674,PK,2014,8.1,,"192,470",10.62
675,The Best Years of Our Lives,1946,8.1,93.0,"66,819",23.65
676,Barton Fink,1991,7.6,69.0,"125,019",6.15
677,Manhattan,1979,7.8,83.0,"142,742",45.7
678,Strangers on a Train,1951,7.9,88.0,"136,573",7.63
679,Whisper of the Heart,1995,7.9,75.0,"66,160",
680,Three Colors: Red,1994,8.1,100.0,"106,015",4.04
681,The Killing,1956,7.9,91.0,"92,303",
682,Porco Rosso,1992,7.7,83.0,"93,660",
683,The Legend of 1900,1998,8.0,58.0,"66,360",0.26
684,Bajrangi Bhaijaan,2015,8.1,,"91,543",8.18
685,Rope,1948,7.9,73.0,"147,375",
686,Patton,1970,7.9,86.0,"104,745",61.7
687,The Straight Story,1999,8.0,86.0,"92,913",6.2
688,A Christmas Story,1983,7.9,77.0,"160,650",20.61
689,My Left Foot,1989,7.8,97.0,"76,601",14.74
690,K.G.F: Chapter 2,2022,8.3,,"138,868",6.6
691,Bicycle Thieves,1948,8.3,,"167,001",0.33
692,From Here to Eternity,1953,7.6,85.0,"48,688",30.5
693,Beasts of No Nation,2015,7.7,79.0,"83,742",0.08
694,Short Cuts,1993,7.7,81.0,"46,006",6.11
695,The Grapes of Wrath,1940,8.1,96.0,"95,820",0.06
696,The World's Fastest Indian,2005,7.8,68.0,"56,342",5.13
697,Modern Times,1936,8.5,96.0,"247,467",0.16
698,Touch of Evil,1958,8.0,99.0,"106,700",2.24
699,Waking Life,2001,7.7,83.0,"65,451",2.89
700,Yojimbo,1961,8.2,93.0,"125,467",
701,The Quiet Man,1952,7.7,85.0,"40,317",10.55
702,The Lion in Winter,1968,7.9,,"32,484",22.28
703,Rashomon,1950,8.2,98.0,"172,167",0.1
704,Open Your Eyes,1997,7.7,,"70,985",0.37
705,The Night of the Hunter,1955,8.0,97.0,"92,017",0.65
706,The Chaser,2008,7.8,64.0,"68,897",
707,Cat on a Hot Tin Roof,1958,7.9,84.0,"51,248",17.57
708,The Philadelphia Story,1940,7.9,96.0,"71,278",
709,Mirror,1975,8.0,82.0,"48,930",0.18
710,The Day the Earth Stood Still,1951,7.8,83.0,"83,483",
711,Anatomy of a Murder,1959,8.0,95.0,"68,200",11.9
712,3-Iron,2004,7.9,72.0,"56,451",0.24
713,A Very Long Engagement,2004,7.6,76.0,"74,745",6.17
714,The Adventures of Robin Hood,1938,7.9,97.0,"52,652",3.98
715,It Happened One Night,1934,8.1,87.0,"106,875",4.36
716,Hannah and Her Sisters,1986,7.8,90.0,"73,249",40.08
717,Days of Heaven,1978,7.8,93.0,"59,839",
718,Wolfwalkers,2020,8.0,87.0,"34,808",
719,Talk to Her,2002,7.9,86.0,"114,692",9.28
720,The Taking of Pelham One Two Three,1974,7.6,68.0,"32,748",2.49
721,Fantastic Planet,1973,7.7,73.0,"33,588",0.19
722,The Man from Nowhere,2010,7.7,,"71,740",0.01
723,The African Queen,1951,7.7,91.0,"80,956",0.54
724,Sita Ramam,2022,8.6,,"58,975",
725,Nebraska,2013,7.7,86.0,"120,102",17.65
726,The 400 Blows,1959,8.1,,"121,637",
727,The Conformist,1970,7.9,100.0,"31,903",0.54
728,Infernal Affairs,2002,8.0,75.0,"127,286",0.17
729,Zindagi Na Milegi Dobara,2011,8.2,,"81,026",3.11
730,Good Bye Lenin!,2003,7.7,68.0,"148,942",4.06
731,Drishyam,2015,8.2,,"88,107",0.74
732,Evil,2003,7.7,61.0,"39,984",0.02
733,Key Largo,1948,7.7,,"42,290",
734,Breathless,1960,7.7,,"84,390",0.34
735,Amour,2012,7.9,95.0,"102,655",6.74
736,Frankenstein,1931,7.8,91.0,"75,410",
737,All About My Mother,1999,7.8,87.0,"99,316",8.26
738,Invasion of the Body Snatchers,1956,7.7,92.0,"51,991",
739,United 93,2006,7.6,90.0,"108,236",31.57
740,Zulu,1964,7.7,77.0,"40,731",
741,High and Low,1963,8.4,90.0,"47,459",
742,Arsenic and Old Lace,1944,7.9,,"72,515",
743,Sholay,1975,8.1,,"56,944",
744,Kaithi,2019,8.5,,"35,684",
745,Short Term 12,2013,7.9,82.0,"89,401",1.01
746,The Hustler,1961,8.0,90.0,"83,968",8.28
747,Shadow of a Doubt,1943,7.8,94.0,"67,506",
748,The Tale of The Princess Kaguya,2013,8.0,89.0,"49,367",1.51
749,Mildred Pierce,1945,7.9,88.0,"27,131",
750,Wild Strawberries,1957,8.1,88.0,"109,666",
751,Philomena,2013,7.6,77.0,"101,793",37.71
752,The Man Who Would Be King,1975,7.8,91.0,"50,375",
753,Children of Heaven,1997,8.2,77.0,"76,442",0.93
754,Love and Death,1975,7.7,89.0,"39,526",
755,Perfect Strangers,2016,7.7,,"67,800",
756,Ninja Scroll,1993,7.8,,"38,700",
757,Vikram,2022,8.3,,"63,318",
758,The Day of the Jackal,1973,7.8,80.0,"42,339",16.06
759,The Leopard,1963,8.0,100.0,"27,200",
760,City Lights,1931,8.5,99.0,"187,993",0.02
761,Lilya 4-Ever,2002,7.8,83.0,"47,048",0.18
762,When Marnie Was There,2014,7.7,72.0,"43,267",0.77
763,"Aguirre, the Wrath of God",1972,7.8,,"58,898",
764,Fitzcarraldo,1982,8.0,,"36,330",
765,Elite Squad,2007,8.0,33.0,"106,490",0.01
766,The Double Life of Véronique,1991,7.7,86.0,"50,541",2.0
767,The Little Prince,2015,7.7,70.0,"63,991",1.34
768,Andhadhun,2018,8.2,,"96,727",1.37
769,My Sassy Girl,2001,8.0,,"49,184",
770,Head-On,2004,7.9,78.0,"55,714",
771,Fanny and Alexander,1982,8.1,100.0,"65,303",4.97
772,Happy Together,1997,7.7,70.0,"31,409",0.19
773,Z,1969,8.2,86.0,"29,873",0.08
774,The Battle of Algiers,1966,8.1,96.0,"62,169",0.06
775,Raatchasan,2018,8.3,,"46,675",
776,Down by Law,1986,7.7,75.0,"53,078",1.44
777,Kal Ho Naa Ho,2003,7.9,54.0,"71,704",1.79
778,Song of the Sea,2014,8.0,85.0,"60,346",0.86
779,My Name Is Khan,2010,7.9,50.0,"110,558",4.02
780,The White Ribbon,2009,7.8,83.0,"75,291",2.22
781,Tokyo Story,1953,8.2,100.0,"63,810",
782,Hard Boiled,1992,7.7,,"51,973",
783,The Message,1976,8.1,,"48,908",
784,Yi Yi: A One and a Two...,2000,8.1,94.0,"26,062",1.14
785,A Woman Under the Influence,1974,8.1,88.0,"26,614",13.34
786,Night on Earth,1991,7.7,68.0,"62,540",2.02
787,The Motorcycle Diaries,2004,7.7,75.0,"102,805",16.78
788,Harvey,1950,7.9,,"56,717",
789,Eyes Without a Face,1960,7.6,90.0,"33,118",0.05
790,Land of Mine,2015,7.8,75.0,"43,041",0.44
791,Cape Fear,1962,7.7,76.0,"30,283",
792,In Cold Blood,1967,7.9,89.0,"27,603",
793,A Prophet,2009,7.8,90.0,"100,073",2.08
794,Ayla: The Daughter of War,2017,8.3,,"41,411",
795,Winter Sleep,2014,8.1,88.0,"52,943",0.17
796,Mr. Smith Goes to Washington,1939,8.1,73.0,"117,341",9.6
797,Shine,1996,7.6,87.0,"55,205",35.81
798,Laura,1944,7.9,,"48,960",4.36
799,Scarface,1932,7.7,90.0,"29,008",
800,Bringing Up Baby,1938,7.8,91.0,"63,460",
801,Pather Panchali,1955,8.2,,"34,786",0.54
802,Red River,1948,7.8,96.0,"32,483",
803,The Bride of Frankenstein,1935,7.8,95.0,"50,371",4.36
804,A Man for All Seasons,1966,7.7,72.0,"35,772",28.35
805,Control,2007,7.6,78.0,"66,818",0.87
806,The Sea Inside,2004,8.0,74.0,"83,248",2.09
807,Duck Soup,1933,7.8,93.0,"61,311",
808,Persepolis,2007,8.0,90.0,"96,881",4.45
809,Rangasthalam 1985,2018,8.2,,"26,031",3.51
810,K.G.F: Chapter 1,2018,8.2,,"90,997",
811,The Red Shoes,1948,8.1,,"36,674",10.9
812,The Invisible Man,1933,7.6,87.0,"37,293",
813,Nobody Knows,2004,8.0,88.0,"29,264",0.68
814,The Hidden Fortress,1958,8.1,89.0,"40,311",
815,Andrei Rublev,1966,8.1,,"55,039",0.1
816,Farewell My Concubine,1993,8.1,83.0,"30,671",5.22
817,Lagaan: Once Upon a Time in India,2001,8.1,84.0,"116,702",0.07
818,"I, Daniel Blake",2016,7.8,78.0,"61,851",0.26
819,Out of the Past,1947,8.0,85.0,"38,760",
820,Wait Until Dark,1967,7.7,81.0,"31,949",17.55
821,The Wages of Fear,1953,8.2,85.0,"62,967",
822,Black Narcissus,1947,7.7,86.0,"26,029",
823,Hedwig and the Angry Inch,2001,7.7,85.0,"36,403",3.03
824,Inherit the Wind,1960,8.1,75.0,"31,313",
825,The Broken Circle Breakdown,2012,7.7,70.0,"41,952",0.18
826,The Kid,1921,8.3,,"128,918",5.45
827,The Diving Bell and the Butterfly,2007,8.0,92.0,"108,793",5.99
828,Sleuth,1972,8.0,,"48,734",4.08
829,The Salesman,2016,7.7,85.0,"62,251",2.4
830,The Sacrifice,1986,7.9,,"29,432",0.3
831,Wolf Children,2012,8.1,71.0,"46,683",
832,The Lunchbox,2013,7.8,76.0,"57,928",4.23
833,The Passion of Joan of Arc,1928,8.2,98.0,"57,021",0.02
834,Swades,2004,8.2,,"93,411",1.22
835,Le Samouraï,1967,8.0,,"53,371",0.04
836,Batman: Mask of the Phantasm,1993,7.8,65.0,"53,259",5.62
837,To Be or Not to Be,1942,8.2,86.0,"39,409",
838,Baahubali 2: The Conclusion,2017,8.2,,"106,098",20.19
839,The Triplets of Belleville,2003,7.7,91.0,"55,624",7.0
840,Throne of Blood,1957,8.1,,"53,655",
841,Diabolique,1955,8.1,,"67,215",1.09
842,"Quo Vadis, Aida?",2020,8.0,97.0,"35,574",
843,The Lady Vanishes,1938,7.8,98.0,"54,562",
844,Dersu Uzala,1975,8.2,,"31,693",
845,The Asphalt Jungle,1950,7.8,85.0,"28,401",
846,Underground,1995,8.1,79.0,"59,524",0.17
847,"Spring, Summer, Fall, Winter... and Spring",2003,8.0,85.0,"84,626",2.38
848,The Caine Mutiny,1954,7.7,63.0,"28,611",21.75
849,Kagemusha,1980,7.9,84.0,"36,701",
850,In a Lonely Place,1950,7.9,,"32,991",
851,Cowboy Bebop: The Movie,2001,7.8,61.0,"50,473",1.0
852,The Discreet Charm of the Bourgeoisie,1972,7.8,93.0,"44,639",0.2
853,The Girl Who Leapt Through Time,2006,7.7,66.0,"68,178",
854,Nostalghia,1983,8.0,,"28,320",0.01
855,Frost/Nixon,2008,7.7,80.0,"110,028",18.59
856,The General,1926,8.1,,"93,582",1.03
857,You Can't Take It with You,1938,7.8,,"26,724",4.66
858,The Thin Man,1934,7.9,86.0,"31,154",
859,His Girl Friday,1940,7.8,,"60,624",0.3
860,Stalag 17,1953,8.0,84.0,"56,971",
861,Brief Encounter,1945,8.0,92.0,"41,715",
862,Dreams,1990,7.7,,"27,493",1.96
863,Millennium Actress,2001,7.8,70.0,"29,592",0.19
864,The Experiment,2001,7.7,60.0,"94,867",0.14
865,Dilwale Dulhania Le Jayenge,1995,8.0,,"72,761",
866,The Chorus,2004,7.8,56.0,"64,395",3.64
867,"4 Months, 3 Weeks and 2 Days",2007,7.9,97.0,"61,650",1.19
868,The Umbrellas of Cherbourg,1964,7.8,86.0,"29,008",0.03
869,Dil Chahta Hai,2001,8.1,,"73,639",0.3
870,Adam's Apples,2005,7.7,51.0,"52,285",0.0
871,Confessions,2010,7.7,,"40,432",
872,The Breadwinner,2017,7.7,78.0,"26,770",0.31
873,Rang De Basanti,2006,8.1,,"120,305",2.2
874,Sunrise,1927,8.1,95.0,"52,215",0.54
875,"Like Father, Like Son",2013,7.8,73.0,"26,306",0.28
876,777 Charlie,2022,8.8,,"34,459",
877,Battleship Potemkin,1925,7.9,97.0,"59,336",0.05
878,Jab We Met,2007,7.9,,"55,449",0.41
879,Departures,2008,8.0,68.0,"53,238",1.5
880,Shershaah,2021,8.3,,"124,270",
881,La strada,1954,8.0,,"64,645",
882,The Killer,1989,7.8,82.0,"49,472",
883,The Virgin Spring,1960,8.1,,"30,284",1.53
884,Nine Queens,2000,7.9,80.0,"54,595",1.22
885,Ivan's Childhood,1962,8.0,,"37,930",
886,Sardar Udham,2021,8.4,,"43,884",
887,About Elly,2009,7.9,87.0,"54,888",0.11
888,Celda 211,2009,7.6,,"69,033",
889,"Black Cat, White Cat",1998,8.0,73.0,"55,018",0.35
890,White Heat,1949,8.1,,"34,171",
891,Taste of Cherry,1997,7.7,80.0,"33,065",0.31
892,The Postman,1994,7.8,81.0,"37,573",21.85
893,Super 30,2019,7.9,,"33,764",2.27
894,Let's Go! India,2007,8.1,68.0,"82,077",1.11
895,The Magdalene Sisters,2002,7.7,83.0,"27,759",4.89
896,Vivre Sa Vie,1962,7.8,,"33,349",
897,Crimes and Misdemeanors,1989,7.8,77.0,"59,212",18.25
898,The Way He Looks,2014,7.9,71.0,"26,371",0.1
899,Cries & Whispers,1972,8.0,,"35,338",1.74
900,Once Upon a Time in Anatolia,2011,7.8,82.0,"47,693",0.14
901,In America,2002,7.7,76.0,"43,662",15.54
902,Barfi!,2012,8.1,,"83,812",2.8
903,Raise the Red Lantern,1991,8.1,,"33,823",2.6
904,Masaan,2015,8.1,,"29,185",
905,The Return,2003,7.9,82.0,"46,308",0.5
906,The Lost Weekend,1945,7.9,,"38,514",9.46
907,Joint Security Area,2000,7.7,58.0,"32,037",
908,Tokyo Godfathers,2003,7.8,74.0,"42,937",0.13
909,My Father and My Son,2005,8.2,,"87,993",
910,After the Wedding,2006,7.7,78.0,"35,654",0.41
911,"Goodbye, Children",1987,8.0,88.0,"34,833",4.54
912,The Big Heat,1953,7.9,,"27,635",
913,Fireworks,1997,7.7,,"31,637",0.23
914,Hiroshima Mon Amour,1959,7.9,,"33,801",0.09
915,Queen,2013,8.1,,"66,915",1.43
916,The Gold Rush,1925,8.1,,"113,540",5.45
917,Autumn Sonata,1978,8.1,,"35,702",
918,The Wild Pear Tree,2018,8.0,86.0,"25,468",0.03
919,Rocketry: The Nambi Effect,2022,8.8,,"52,811",
920,L'Avventura,1960,7.8,,"30,992",
921,Jules and Jim,1962,7.7,97.0,"42,891",
922,Time of the Gypsies,1988,8.1,,"31,619",0.28
923,Veer-Zaara,2004,7.8,67.0,"54,760",2.92
924,The Exterminating Angel,1962,8.0,,"34,062",
925,Talvar,2015,8.1,,"36,372",0.34
926,Le Cercle Rouge,1970,7.9,92.0,"26,456",0.37
927,Nights of Cabiria,1957,8.1,,"50,261",0.75
928,Miracle on 34th Street,1947,7.9,88.0,"51,117",2.65
929,Elite Squad 2: The Enemy Within,2010,8.0,71.0,"84,588",0.1
930,A Wednesday,2008,8.1,,"80,069",
931,Elevator to the Gallows,1958,7.9,94.0,"26,955",0.11
932,My Life as a Zucchini,2016,7.8,85.0,"26,892",0.29
933,Ace in the Hole,1951,8.1,72.0,"37,310",3.97
934,Udaan,2010,8.1,,"45,783",0.01
935,Kind Hearts and Coronets,1949,8.0,,"38,414",
936,The Rules of the Game,1939,7.9,99.0,"30,051",
937,Sherlock Jr.,1924,8.2,,"52,077",0.98
938,Rififi,1955,8.1,97.0,"35,491",0.06
939,The Purple Rose of Cairo,1985,7.7,75.0,"52,935",10.63
940,No Man's Land,2001,7.9,84.0,"47,858",1.06
941,Chhichhore,2019,8.3,,"57,378",0.9
942,Beauty and the Beast,1946,7.9,92.0,"27,148",0.3
943,"Rome, Open City",1945,8.0,,"27,564",
944,Vikram Vedha,2017,8.2,,"47,280",
945,Knockin' on Heaven's Door,1997,7.8,,"31,955",0.0
946,Pink,2016,8.1,,"46,318",1.24
947,The Shop Around the Corner,1940,8.0,96.0,"35,344",0.2
948,The Past,2013,7.7,85.0,"49,775",1.33
949,Haider,2014,8.0,,"55,971",0.9
950,Soorarai Pottru,2020,8.7,,"119,194",
951,Sullivan's Travels,1941,7.9,,"27,262",
952,Tangerines,2013,8.1,73.0,"47,421",0.14
953,Central Station,1998,8.0,80.0,"40,734",5.6
954,C.R.A.Z.Y.,2005,7.9,81.0,"33,426",
955,A Night at the Opera,1935,7.8,,"33,635",2.54
956,Article 15,2019,8.1,,"34,995",
957,The Grand Illusion,1937,8.1,,"37,567",0.17
958,Through a Glass Darkly,1961,7.9,84.0,"26,234",
959,Uri: The Surgical Strike,2019,8.2,,"66,519",4.19
960,G.O.R.A.,2004,8.0,,"64,414",
961,The Muppet Christmas Carol,1992,7.7,64.0,"64,013",27.28
962,Gully Boy,2019,7.9,65.0,"41,160",5.57
963,M.S. Dhoni: The Untold Story,2016,7.9,,"62,388",1.78
964,Sanjuro,1962,8.0,,"39,320",
965,Tae Guk Gi: The Brotherhood of War,2004,8.0,64.0,"40,308",1.11
966,Asuran,2019,8.4,,"31,018",
967,Hindi Medium,2017,7.8,,"30,354",
968,Jean de Florette,1986,8.1,,"26,595",4.94
969,96,2018,8.5,,"32,962",
970,Dev.D,2009,7.9,,"31,308",0.01
971,Zelig,1983,7.7,,"42,958",11.8
972,Andaz Apna Apna,1994,8.0,,"54,123",
973,Hera Pheri,2000,8.1,,"69,186",
974,Winter Light,1963,8.0,,"25,876",
975,Munna Bhai M.B.B.S.,2003,8.1,,"84,298",
976,Drishyam,2013,8.3,,"42,529",
977,The Edge of Heaven,2007,7.7,85.0,"32,715",0.74
978,Airlift,2016,7.9,,"57,763",
979,Umberto D.,1952,8.2,92.0,"26,714",0.07
980,Kahaani,2012,8.1,,"63,909",1.04
981,Badhaai Ho,2018,7.9,,"35,870",
982,Black,2005,8.1,,"35,439",0.73
983,"Carry On, Munna Bhai",2006,8.0,,"48,086",2.22
984,Vizontele,2001,8.0,,"37,602",
985,Vicky Donor,2012,7.8,,"44,247",0.17
986,The Circus,1928,8.1,90.0,"34,735",
987,Drishyam 2,2021,8.4,,"38,860",
988,OMG: Oh My God!,2012,8.1,,"60,532",0.92
989,Pad Man,2018,7.9,,"27,164",1.66
990,The Bandit,1996,8.1,,"70,783",
991,Bhaag Milkha Bhaag,2013,8.2,,"69,628",1.63
992,English Vinglish,2012,7.8,,"37,493",1.67
993,Paan Singh Tomar,2012,8.2,,"36,975",0.04
994,Special 26,2013,8.0,,"57,370",1.08
995,Nefes: Vatan Sagolsun,2009,8.0,,"34,335",
996,Sarfarosh,1999,8.1,,"26,176",
997,Baby,2015,7.9,,"58,727",
998,Her Sey Çok Güzel Olacak,1998,8.1,,"26,211",
999,Anand,1971,8.1,,"34,367",
